기간,순위,브랜드,참여지수,미디어지수,소통지수,커뮤니티지수,브랜드평판지수
1901,1,염정아,1372024,3513112,2794528,2282605,9962269
1901,2,현빈,2894066,2788296,1695680,2233463,9611504
1901,3,송혜교,1746374,2978220,3207168,1676911,9608673
1901,4,박보검,1933351,2855088,2242528,2345178,9376145
1901,5,유이,831162,3082884,3204288,1530746,8649080
1901,6,조보아,2515939,2667168,1573632,1220962,7977702
1901,7,박신혜,1368447,1819272,1589760,994066,5771545
1901,8,왕석현,4339409,648564,93312,191923,5273209
1901,9,장나라,1096824,2176776,1098720,833389,5205709
1901,10,유승호,1992166,1283016,1048896,673954,4998033
1901,11,오나라,2518324,978432,981504,439018,4917278
1901,12,여진구,1235318,1949220,714240,874833,4773611
1901,13,김유정,852820,1177176,1792224,569103,4391323
1901,14,김서형,987738,1869252,765792,756581,4379363
1901,15,윤세아,1847910,1278312,650592,515761,4292575
1901,16,이시영,586761,2290848,638496,683825,4199930
1901,17,신성록,1036221,1890420,513216,649441,4089298
1901,18,김선아,787846,1918644,707040,651860,4065389
1901,19,찬열,533112,1337888,1179872,985242,4036114
1901,20,최진혁,1154844,1641108,483552,624928,3904432
1901,21,정준호,703597,1650516,868896,672908,3895917
1901,22,이태리,561129,974292,1370309,930688,3836418
1901,23,양세종,1326919,889056,986112,276772,3478859
1901,24,유연석,572653,1279488,1053216,567599,3472956
1901,25,전소민,1224389,1304184,492768,414962,3436304
1901,26,이설,803742,1405320,731808,446666,3387536
1901,27,이세영,794403,1654044,487584,432285,3368316
1901,28,고현정,1041784,1131312,517536,628261,3318894
1901,29,이태란,587556,1390032,672768,590609,3240965
1901,30,김진우,264271,1758708,591840,518115,3132934
1901,31,김병철,732011,1431192,504000,416727,3083930
1901,32,전혜빈,706180,1550556,246528,358876,2862140
1901,33,이엘리야,1114310,1179528,256608,248402,2798848
1901,34,최수종,720685,1220100,338688,514193,2793665
1901,35,조재윤,1079338,1136604,304416,262522,2782880
1901,36,정유미,518011,971964,953280,310764,2754019
1901,37,용준형,328849,1682268,420480,287624,2719220
1901,38,소이현,606432,1166592,629856,279256,2682137
1901,39,이수경,308581,1397676,562176,361621,2630054
1901,40,김재원,257515,1501164,389088,330506,2478273
1901,41,유준상,167504,1438248,259488,525109,2390349
1901,42,오승아,1360896,669144,112896,235459,2378395
1901,43,손호준,412303,1082508,388512,397901,2281224
1901,44,최지우,682932,729120,516672,288473,2217197
1901,45,이민정,398990,920220,519264,345344,2183818
1901,46,신하균,251952,1154832,362592,366066,2135442
1901,47,이장우,526555,953736,311328,326061,2117680
1901,48,소유진,578416,762048,516096,233106,2089666
1901,49,김동영,71433,432768,1368864,172640,2045704
1901,50,윤진이,781686,747936,275328,218398,2023348
1906,1,임수정,1556218,2117976,1120320,1259268,6053783
1906,2,정해인,1832610,1753416,1073088,735336,5394450
1906,3,한지민,1309234,1509824,1173888,964127,4957074
1906,4,이엘리야,3272916,1166592,209376,288408,4937292
1906,5,김민규,727043,1790460,1439424,463939,4420866
1906,6,장기용,1980840,1275960,746784,397247,4400832
1906,7,이정재,655511,2161488,724896,719843,4261739
1906,8,박보영,1556417,1459416,607104,542040,4164977
1906,9,김지원,824406,1671684,930528,718667,4145285
1906,10,신민아,1035823,1548204,762912,618129,3965068
1906,11,김명수,366005,2088576,775584,679576,3909742
1906,12,전혜진,1007210,1710492,506592,602964,3827258
1906,13,이다희,763207,1263612,770400,1015769,3812988
1906,14,장동건,439326,1820448,809856,621855,3691485
1906,15,김하늘,439326,1430016,859680,708273,3437295
1906,16,신혜선,940248,1426488,506592,549688,3423016
1906,17,노민우,2420563,680316,143136,171659,3415674
1906,18,고원희,778605,1675212,315360,625908,3395085
1906,19,오창석,1263335,1371804,249984,372734,3257857
1906,20,김소연,453036,1175412,817920,810379,3256747
1906,21,김옥빈,1061654,1222452,368928,564527,3217561
1906,22,조정석,229101,1893360,339840,678269,3140570
1906,23,김동준,630078,1489404,605376,392018,3116876
1906,24,이진욱,1250817,1214220,315936,317497,3098470
1906,25,정유미,451645,1390032,634752,526024,3002453
1906,26,이시언,359051,1442952,591264,410190,2803457
1906,27,송중기,1282091,439941,382665,587536,2692233
1906,28,신성록,474496,1538208,288576,362406,2663685
1906,29,김영광,371768,930804,468864,839142,2610578
1906,30,감우성,380312,1284780,441504,427448,2534044
1906,31,홍종현,426410,1425312,249120,413001,2513844
1906,32,안효섭,909251,1090152,222336,289585,2511324
1906,33,이용우,1594965,444528,192384,249971,2481848
1906,34,여진구,378722,1241856,334368,493863,2448809
1906,35,조안,571859,693840,659232,423853,2348783
1906,36,박병은,977008,1002540,169056,199049,2347653
1906,37,이채영,134520,1456476,265536,336193,2192725
1906,38,이하나,274206,1073688,539136,276446,2163476
1906,39,김보미,437736,866712,344448,485496,2134392
1906,40,정재영,129234,1350636,305568,307300,2092738
1906,41,유지태,116637,696192,892224,316582,2021635
1906,42,최성원,47430,1097796,231552,599891,1976669
1906,43,주현,52596,431004,1143936,337566,1965101
1906,44,박진우,78665,760284,777600,330571,1947120
1906,45,진기주,508275,829668,184608,301743,1824294
1906,46,이준혁,379318,861420,289728,281348,1811814
1906,47,정진영,69982,943740,477216,315732,1806670
1906,48,김영민,160152,933156,412416,283636,1789360
1906,49,하재숙,143620,1169532,140832,193688,1647673
1906,50,김준한,357461,921984,167040,198918,1645403
1908,1,여진구,1857448,1455015,1740384,926148,5978995
1908,2,이지은,245593,1853096,1447488,1184748,4730925
1908,3,차은우,813279,1744008,1151424,832343,4541055
1908,4,옹성우,852948,947456,1283552,1223904,4307860
1908,5,임지연,1249823,1383752,388512,1182133,4204220
1908,6,지성,840501,1276124,1641120,433644,4191389
1908,7,정경호,644384,1821624,442080,1161346,4069434
1908,8,이지훈,746516,1467060,1242720,567076,4023372
1908,9,이설,1389708,1109944,754272,616168,3870092
1908,10,강한나,1765705,1364160,253440,399339,3782645
1908,11,오창석,1034234,1624056,243360,574267,3475916
1908,12,신세경,552187,1564080,675648,589367,3381282
1908,13,김소연,469329,1344756,903168,604010,3321263
1908,14,한지은,819559,1411788,280224,691146,3202718
1908,15,천우희,563116,1574076,418752,566488,3122432
1908,16,지진희,249170,1755768,356544,735532,3097014
1908,17,이세영,733203,1327116,436608,427971,2924898
1908,18,김향기,785262,1273020,444096,385873,2888252
1908,19,김현주,265066,1118964,768384,476736,2629150
1908,20,손현주,544872,1194656,330624,552659,2622811
1908,21,박하선,1033041,1037820,240480,289519,2600861
1908,22,최유화,410117,1237740,199584,675981,2523422
1908,23,정지훈,220358,1295592,479808,501119,2496877
1908,24,이상우,183400,657384,1119168,427252,2387204
1908,25,서강준,532516,1083684,391392,363321,2370913
1908,26,안재홍,288115,1310064,361152,404373,2363704
1908,27,박성웅,286525,1380624,353952,293245,2314347
1908,28,이엘,149820,1152480,706176,292526,2301002
1908,29,이상엽,315138,1300656,321120,325995,2262909
1908,30,최진혁,295070,1034292,491616,288866,2109843
1908,31,이규형,472509,1083096,198720,343187,2097512
1908,32,박지현,132493,1016652,620064,315732,2084941
1908,33,이준혁,268642,1111908,264096,380709,2025355
1908,34,이준영,136249,1077216,311328,448301,1973093
1908,35,곽시양,95257,1441188,139680,295729,1971854
1908,36,신승호,457407,1026060,200160,243892,1927519
1908,37,정민아,1214653,451584,142560,109362,1918159
1908,38,한석규,190752,1036056,341280,347044,1915132
1908,39,배종옥,69883,1178352,152352,506871,1907458
1908,40,전여빈,384286,1023120,161280,313314,1881999
1908,41,박유나,565699,590940,472608,228857,1858104
1908,42,이영은,197905,842604,212256,489418,1742183
1908,43,이학주,168100,574476,328608,614403,1685587
1908,44,박지영,75248,756168,455040,396855,1683311
1908,45,조현철,598087,672672,225504,162507,1658770
1908,46,윤균상,339777,892584,208512,206893,1647766
1908,47,박진우,42919,850248,475488,276184,1644839
1908,48,박진희,107338,848484,260928,360379,1577129
1908,49,홍종현,380312,828492,171648,178653,1559105
1908,50,손병호,246587,856128,158688,194996,1456398
1912,1,공효진,1745580,2864736,955584,739781,6305680
1912,2,강하늘,2187488,2405508,684288,573155,5850440
1912,3,조여정,2654036,1431192,245664,486411,4817303
1912,4,오연서,1103580,1995084,197280,884050,4179994
1912,5,하지원,1162991,1406496,363456,393456,3326399
1912,6,설인아,1878907,611520,380736,127927,2999090
1912,7,장동윤,1480712,719712,200160,455949,2856533
1912,8,오정세,648756,1370628,225504,190224,2435111
1912,9,윤시윤,444095,1452948,243936,241277,2382255
1912,10,윤계상,337194,1357692,308448,352339,2355673
1912,11,정인선,1013966,1043700,133056,154794,2345516
1912,12,김지석,309773,1396500,228960,184602,2119835
1912,13,이지훈,704789,953736,135648,294161,2088333
1912,14,김선호,1008999,680904,143424,153552,1986878
1912,15,이정재,338982,1134840,220032,253697,1947551
1912,16,신민아,576627,899640,195552,206305,1878124
1912,17,전혜빈,1153113,352212,103968,174535,1783828
1912,18,차예련,619547,789096,135648,224020,1768310
1912,19,김슬기,203071,1243620,72576,246180,1765447
1912,20,김소현,654120,620928,130176,356588,1761812
1912,21,지이수,403361,1081332,174528,92105,1751326
1912,22,오나라,172869,1077804,148896,269451,1669020
1912,23,이엘리야,940845,514500,93888,116030,1665262
1912,24,문근영,465157,827904,173088,184341,1650489
1912,25,김강우,143461,1036644,149472,271543,1601120
1912,26,조윤희,353487,660912,380160,172640,1567199
1912,27,허정민,469131,830256,46368,195584,1541339
1912,28,김흥수,670414,629160,69408,170221,1539203
1912,29,최명길,653723,636804,79776,121325,1491628
1912,30,안재현,576846,561648,137952,214367,1490813
1912,31,박성훈,206847,936096,162432,161788,1467163
1912,32,김재영,478867,409248,380448,102433,1370996
1912,33,정웅인,72863,891996,135360,255593,1355812
1912,34,오민석,158980,544488,379008,176496,1258972
1912,35,정준호,566160,392784,59904,189505,1208353
1912,36,김동준,612592,378672,75744,85568,1152576
1912,37,김선아,360641,556836,86976,146557,1151010
1912,38,장승조,211814,649152,134208,128450,1123624
1912,39,예지원,752080,258132,35712,46804,1092728
1912,40,윤박,204979,367500,379296,115115,1066890
1912,41,유태오,684522,216972,65952,90928,1058374
1912,42,이유영,247978,526848,94752,116357,985934
1912,43,이민기,223935,544488,83520,114853,966796
1912,44,강태오,284737,425124,61920,143289,915070
1912,45,이동휘,136308,531552,77184,169633,914677
1912,46,김재영,478867,253428,26784,63931,823010
1912,47,김병철,78308,486864,68544,180484,814199
1912,48,서하준,173266,438060,65088,123221,799635
1912,49,심이영,108093,457464,71136,111323,748016
1912,50,박세완,266258,348096,55584,65108,735046
2001,1,현빈,4084477,2050356,1538784,1478843,9152460
2001,2,손혜진,2166227,2066820,1604160,1365755,7202962
2001,3,안효섭,3511029,1638756,323424,461963,5935172
2001,4,남궁민,2061513,1398852,664704,856138,4981206
2001,5,이성경,1212467,1660512,378432,724942,3976354
2001,6,박은빈,1789492,850836,340992,492686,3474006
2001,7,한석규,593517,1836912,379872,522952,3333253
2001,8,서현진,1205910,1051932,357408,357372,2972623
2001,9,조여정,607029,1299480,330912,434900,2672320
2001,10,김정현,1495615,635040,232416,298671,2661742
2001,11,주상욱,357859,1156596,130752,993609,2638816
2001,12,서지혜,1176503,706776,352224,385677,2621180
2001,13,오나라,1245253,889644,190944,258992,2584833
2001,14,박영규,1792473,124656,434592,173816,2525537
2001,15,하지원,831162,930216,309312,283832,2354522
2001,16,김보라,538278,1160124,151488,431915,2281805
2001,17,한다감,947799,976080,75456,199572,2198907
2001,18,안재현,782282,1007832,98496,259842,2148452
2001,19,설인아,1040592,498624,433440,156167,2128822
2001,20,차예련,1224389,649152,122400,130084,2126026
2001,21,윤계상,432371,940800,271296,271347,1915814
2001,22,김주헌,242613,1126020,139968,258534,1767135
2001,23,진세연,949786,498036,55008,258665,1761495
2001,24,옥택연,407732,945504,129312,253109,1735657
2001,25,오민석,168140,309876,433152,780245,1691413
2001,26,오연서,325272,995484,104832,223758,1649346
2001,27,이연희,281955,939624,130176,237943,1589698
2001,28,오정세,488007,549780,207072,341161,1586020
2001,29,이지훈,580800,666204,109728,183164,1539896
2001,30,신동욱,335604,845544,109728,122109,1412986
2001,31,이태환,153774,917868,68832,271804,1412278
2001,32,라미란,268841,753228,170496,176954,1369519
2001,33,김재영,428596,293412,433728,134660,1290396
2001,34,김강우,163788,778512,133920,211011,1287232
2001,35,심이영,658492,458052,50976,117076,1284596
2001,36,장승조,376537,620340,120960,131392,1249228
2001,37,이창훈,618752,379260,65952,75959,1139923
2001,38,설정환,380511,589764,63648,99557,1133479
2001,39,조병규,296659,483924,164448,182380,1127411
2001,40,정웅인,102648,710892,125568,187674,1126783
2001,41,하준,286128,593880,115200,124986,1120194
2001,42,조윤희,256124,180516,434592,222516,1093748
2001,43,이시언,477675,357504,27648,183425,1046252
2001,44,김민규,416674,391608,46368,178131,1032780
2001,45,박해미,390247,62916,433728,126424,1013314
2001,46,김슬기,138057,659736,63648,98576,960017
2001,47,최명길,240228,492744,63648,153421,950041
2001,48,최윤소,255528,453348,75168,81581,865625
2001,49,박세완,344148,289296,83808,92889,810142
2001,50,김미숙,168174,433944,44928,85110,732157
2002,1,현빈,4293765,2732436,2558880,1781175,11366256
2002,2,박서준,3275570,2566032,1886688,1013220,8741509
2002,3,김다미,4929777,1838088,1231488,734290,8733643
2002,4,손예진,2718869,1703036,2379904,1172800,7974609
2002,5,권나라,4924581,1613472,759168,599957,7897177
2002,6,김보라,4200717,772632,126720,224020,5324088
2002,7,안효섭,2607143,1428252,447840,467192,4950427
2002,8,서지혜,2322604,991956,853344,587275,4755179
2002,9,김정현,2281672,928452,411840,564200,4186164
2002,10,조병규,2878964,532728,186624,218594,3816910
2002,11,이성경,1527407,1234800,504000,377702,3643909
2002,12,남궁민,696642,1374156,573696,584203,3228697
2002,13,오민석,2869625,162288,54720,123547,3210181
2002,14,김혜수,1364473,834960,415584,467781,3082797
2002,15,한석규,654915,1407672,434016,484123,2980726
2002,16,유재영,549803,1509984,415584,370708,2846078
2002,17,박은빈,1102189,840840,314784,559166,2816979
2002,18,소주연,1470380,845544,222048,262064,2800036
2002,19,주지훈,948793,785568,329760,400124,2464244
2002,20,김주헌,707372,953736,189216,189243,2039567
2002,21,김동희,1007409,527436,287712,166887,1989444
2002,22,옥택연,170922,826140,143136,832213,1972410
2002,23,고수,297653,594468,247104,808811,1948035
2002,24,이연희,229697,837312,162432,579823,1809264
2002,25,이시언,1489855,205800,53568,54845,1804067
2002,26,신동욱,464561,793212,147744,108839,1514356
2002,27,서현진,840302,261072,198144,102891,1402409
2002,28,진세연,878850,363972,76896,80012,1399730
2002,29,오정세,343354,593880,205632,228988,1371853
2002,30,이성민,224531,580356,174240,315471,1294598
2002,31,진경,175830,824376,149184,132830,1282219
2002,32,유태오,476284,478044,146016,178392,1278736
2002,33,임주환,79083,762048,99360,314621,1255112
2002,34,심은경,168696,587412,192960,271347,1220415
2002,35,임원희,314542,665028,105696,72167,1157433
2002,36,변정수,632860,443940,36000,36607,1149406
2002,37,주상욱,167743,722064,93600,157147,1140554
2002,38,윤나무,169531,667380,95904,95177,1027992
2002,39,이선균,380312,309288,130464,96289,916352
2002,40,설인아,458401,249900,100512,98511,907324
2002,41,김민규,508672,266952,55296,60270,891190
2002,42,조보아,855404,2352,9504,20591,887851
2002,43,이대환,116279,619164,45216,102499,883158
2002,44,차예련,173286,480396,112896,102433,869011
2002,45,최명길,100502,535080,72000,120606,828188
2002,46,김홍파,72545,630336,55584,61970,820435
2002,47,최윤소,222941,382788,77472,86222,769423
2002,48,정유민,351302,306348,40896,55825,754371
2002,49,김흥수,115922,465108,46080,102368,729477
2002,50,정려원,230293,299292,101664,92170,723420
2005,1,김희애,1846320,2836512,2368224,1484203,8535260
2005,2,한소희,3425588,1861020,1224864,1835496,8346968
2005,3,박해준,2053962,2154432,730944,719124,5658462
2005,4,조정석,1621392,2217936,1028736,715268,5583332
2005,5,유연석,1746374,1786344,515520,766778,4815017
2005,6,이민호,1444748,1350048,1030176,952296,4777267
2005,7,전미도,1376310,1986264,651744,696964,4711283
2005,8,정경호,1223793,1654044,463104,295206,3636148
2005,9,김고은,800165,1197168,676224,744553,3418110
2005,10,박해진,436743,1842792,209088,734551,3223174
2005,11,육성재,1993756,632688,252576,213757,3092776
2005,12,김대명,697437,1639344,328320,305339,2970440
2005,13,장나라,774533,1073100,378720,263241,2489594
2005,14,유인영,1419712,663852,156960,163553,2404077
2005,15,박선영,692470,874944,403776,388357,2359547
2005,16,우도환,981975,582708,314496,223039,2102218
2005,17,한지은,947004,863184,118656,165122,2093966
2005,18,김영민,682733,867300,254304,283244,2087581
2005,19,황정음,977207,667968,248832,174470,2068476
2005,20,정소민,581396,1001364,205056,222778,2010594
2005,21,김응수,156774,1251264,166464,313640,1888143
2005,22,이보영,323086,1034880,313632,201925,1873523
2005,23,최강희,670613,717948,233568,250755,1872884
2005,24,유지태,282551,1047816,314208,184341,1828916
2005,25,이민정,547152,803796,216000,229445,1796393
2005,26,박하나,1137558,404544,105120,145511,1792733
2005,27,신하균,273213,1071924,173952,240885,1759973
2005,28,고준,490392,814380,166752,154402,1625925
2005,29,이상협,598484,678552,111456,165384,1553876
2005,30,전소니,428993,806148,147456,110278,1492875
2005,31,정은채,557950,514500,201024,218332,1491806
2005,32,이준영,943626,358680,78912,92955,1474173
2005,33,박기웅,130149,970200,87552,157735,1345636
2005,34,오윤아,705385,396900,131040,100603,1333928
2005,35,박시후,666837,458640,92736,109297,1327510
2005,36,장기용,386869,512736,133056,144596,1177257
2005,37,이수혁,313350,526848,110592,173032,1123822
2005,38,박병은,164722,704424,116640,136098,1121885
2005,39,진세연,329445,512736,133056,144596,1119833
2005,40,이선빈,273033,578004,91296,123351,1065684
2005,41,이초희,352262,428652,117504,163096,1061514
2005,42,태인호,229499,645624,52416,100015,1027553
2005,43,차태현,269040,529788,95904,125182,1019913
2005,44,김지영,348321,435708,110016,102368,996413
2005,45,정건주,148628,621516,103104,115638,988885
2005,46,천호진,422039,415716,66816,80469,985040
2005,47,박예진,102668,680904,67680,115049,966302
2005,48,박시연,177240,516264,78912,62101,834517
2005,49,차화연,195322,446292,74016,101845,817475
2005,50,고성희,224193,413952,60192,87987,786324
2008,1,김수현,1205712,1179020,868320,518412,3771464
2008,2,조승우,1108349,1151304,794144,362014,3415810
2008,3,이준기,1215845,1177764,567008,330179,3290796
2008,4,서예지,1250874,1094856,599072,307953,3252755
2008,5,문채원,1095831,1048992,472032,243042,2859896
2008,6,오정세,830963,667968,459360,152375,2110667
2008,7,이민정,860172,636216,287424,198656,1982469
2008,8,한다감,1311847,427476,101088,116226,1956637
2008,9,배두나,466349,771336,410400,304620,1952704
2008,10,신소율,1827047,28812,35424,13205,1904487
2008,11,임수향,574442,603288,175392,390384,1743505
2008,12,김유정,952965,442176,232704,84391,1712237
2008,13,오정세,830963,515088,116352,106094,1568497
2008,14,오윤아,767181,429240,203904,122567,1522892
2008,15,이상엽,630276,582120,163008,136033,1511437
2008,16,장승조,599875,588588,152064,149368,1489895
2008,17,송지효,639615,494508,157536,188786,1480445
2008,18,지창욱,708962,457464,162144,100668,1429238
2008,19,이준혁,366999,665616,222336,152179,1407130
2008,20,하석진,366999,549780,143136,342599,1402514
2008,21,박규영,733600,345744,206784,78900,1365029
2008,22,이정은,823612,323400,102816,62297,1312124
2008,23,김소은,354680,704424,149184,82626,1290914
2008,24,차화연,584178,406308,104256,85568,1180310
2008,25,이초희,244997,530376,223488,168325,1167186
2008,26,황정음,306594,548604,194976,111454,1161628
2008,27,지수,281342,562128,119296,154627,1117393
2008,28,최무성,139110,661500,154368,130738,1085716
2008,29,지현우,193136,681492,133920,72625,1081173
2008,30,송윤아,323086,480396,147744,101976,1053202
2008,31,김보연,410713,409248,107136,102368,1029465
2008,32,서현우,163391,591528,148320,103152,1006391
2008,33,나나,256919,473928,170208,90013,991068
2008,34,공자,386273,452172,107424,43209,989078
2008,35,장희진,266854,466284,156096,98642,987876
2008,36,이엘리야,400579,413364,86688,83084,983715
2008,37,손현주,111292,595056,138528,110212,955088
2008,38,손호준,266655,429240,114912,144204,955011
2008,39,천호진,326464,425124,110016,77005,938609
2008,40,윤현민,275200,422772,100512,71252,869736
2008,41,윤시윤,242215,449232,77184,70860,839491
2008,42,지승현,249965,438060,66816,84261,839101
2008,43,유준상,115325,463344,120384,97138,796192
2008,44,박성훈,191944,424536,92448,64585,773513
2008,45,배수빈,101158,436296,88416,109820,735690
2008,46,경수진,156774,439236,69984,36672,702666
2008,47,박하나,227313,330456,67680,75305,700754
2008,48,황승언,182804,271068,116640,82103,652615
2008,49,김주헌,275200,192864,139104,41640,648808
2008,50,오나라,158563,339276,73152,36933,607924
2009,1,박보검,2651055,2007432,1781856,1057997,7498341
2009,1,박보검,2651055,2007432,1781856,1057997,7498341
2009,2,박은빈,2819553,1094268,553536,264091,4731448
2009,2,박은빈,2819553,1094268,553536,264091,4731448
2009,3,김희선,1177496,1694028,715968,273896,3861388
2009,3,김희선,1177496,1694028,715968,273896,3861388
2009,4,김하늘,2504812,785568,281088,253828,3825296
2009,4,김하늘,2504812,785568,281088,253828,3825296
2009,5,박소담,1017344,1435308,893952,465623,3812227
2009,5,박소담,1017344,1435308,893952,465623,3812227
2009,6,이준기,1635698,1108968,768096,282786,3795549
2009,6,이준기,1635698,1108968,768096,282786,3795549
2009,7,이도현,2239945,757344,249696,307888,3554873
2009,7,이도현,2239945,757344,249696,307888,3554873
2009,8,김민재,1826450,1029588,424512,272327,3552878
2009,8,김민재,1826450,1029588,424512,272327,3552878
2009,9,황신혜,2007665,790272,151776,134137,3083850
2009,9,황신혜,2007665,790272,151776,134137,3083850
2009,10,문채원,1144711,948444,481248,209834,2784237
2009,10,문채원,1144711,948444,481248,209834,2784237
2009,11,조승우,989923,858480,572544,233629,2654576
2009,11,조승우,989923,858480,572544,233629,2654576
2009,12,주원,1194783,712924,515520,228857,2652084
2009,12,주원,1194783,712924,515520,228857,2652084
2009,13,진기주,1378779,909048,175392,165776,2628995
2009,13,진기주,1378779,909048,175392,165776,2628995
2009,14,하회라,1403021,690312,331488,152702,2577523
2009,14,하희라,1403021,690312,331488,152702,2577523
2009,15,옹성우,487809,605640,583200,872742,2549390
2009,15,옹성우,487809,605640,583200,872742,2549390
2009,16,신예은,927333,606816,183456,716706,2434311
2009,16,신예은,927333,606816,183456,716706,2434311
2009,17,전인화,1244657,878472,169056,140217,2432401
2009,17,전인화,1244657,878472,169056,140217,2432401
2009,18,변우석,726249,1006656,452448,206631,2391984
2009,18,변우석,726249,1006656,452448,206631,2391984
2009,19,이준혁,1036221,773220,248256,164665,2222361
2009,19,이준혁,1036221,773220,248256,164665,2222361
2009,20,곽시양,939255,919044,190944,102302,2151545
2009,20,곽시양,939255,919044,190944,102302,2151545
2009,21,윤상현,1070993,656796,215136,171332,2114257
2009,21,윤상현,1070993,656796,215136,171332,2114257
2009,22,이민정,892163,612696,243936,122175,1870970
2009,22,이민정,892163,612696,243936,122175,1870970
2009,23,박주현,874479,622692,120960,106355,1724486
2009,23,박주현,874479,622692,120960,106355,1724486
2009,24,신애라,540067,573300,306144,300044,1719554
2009,24,신애라,540067,573300,306144,300044,1719554
2009,25,오윤아,1088876,357504,160704,78312,1685396
2009,25,오윤아,1088876,357504,160704,78312,1685396
2009,26,이유리,532106,643860,340128,164050,1680143
2009,26,이유리,534106,643860,340128,162050,1680143
2009,27,이다인,858384,575064,160128,59943,1653519
2009,27,이다인,858384,575064,160128,59943,1653519
2009,28,이장우,530132,812028,154944,155121,1652224
2009,28,이장우,530132,812028,154944,155121,1652224
2009,29,배두나,359647,723828,370368,175189,1629032
2009,29,배두나,359647,723828,370368,175189,1629032
2009,30,박지현,700219,578004,194112,123482,1595817
2009,30,박지현,700219,578004,194112,123482,1595817
2009,31,임수향,453036,606228,334944,199768,1593976
2009,31,임수향,453036,606228,334944,199768,1593976
2009,32,장희진,612990,663264,200736,110997,1587986
2009,32,장희진,612990,663264,200736,110997,1587986
2009,33,이상엽,746913,573888,142272,91255,1554328
2009,33,이상엽,746913,573888,142272,91255,1554328
2009,34,최진혁,498141,733824,161280,139105,1532350
2009,34,최진혁,498141,733824,161280,139105,1532350
2009,35,연정훈,509864,522732,187488,134726,1354810
2009,35,연정훈,509864,522732,187488,134726,1354810
2009,36,고수,577224,494508,133056,107467,1312254
2009,36,고수,577224,494508,133056,107467,1312254
2009,37,하석진,318715,526848,247392,148649,1241604
2009,37,하석진,318715,526848,247392,148649,1241604
2009,38,김동준,251157,473340,97056,394959,1216512
2009,38,김동준,251157,473340,97056,394959,1216512
2009,39,려운,671805,348684,76032,55433,1151954
2009,39,려운,671805,348684,76032,55433,1151954
2009,40,이일화,602657,360444,110304,77462,1150867
2009,40,이일화,602657,360444,110304,77462,1150867
2009,41,이채영,236652,626808,101376,137275,1102111
2009,41,이재영,236652,626808,101376,137275,1102111
2009,42,강은탁,307985,617400,74304,97596,1097285
2009,42,강은탁,307985,617400,74304,97596,1097285
2009,43,김성철,361237,455112,173664,92366,1082379
2009,43,김성철,361237,455112,173664,92366,1082379
2009,44,보나,444691,422184,113760,95635,1076269
2009,44,보나,444691,422184,113760,95635,1076269
2009,45,안소미,562917,353976,76608,69749,1063250
2009,45,안소미,562917,353976,76608,69749,1063250
2009,46,이일화,602657,322812,49824,49877,1025170
2009,46,이일화,602657,322812,49824,49877,1025170
2009,47,엄현경,232876,576828,86400,127993,1024097
2009,47,엄현경,232876,576828,86400,127993,1024097
2009,48,황승언,430782,289884,210816,66219,997700
2009,48,황승언,430782,289884,210816,66219,997700
2009,49,정보석,224134,599760,95616,75370,994880
2009,49,정보석,224134,599760,95616,75370,994880
2009,50,이정은,504102,250488,79200,42947,876737
2009,50,이정은,504102,250488,79200,42947,876737
2011,1,김선호,2271255,1476615,1158589,1118044,6024503
2011,2,남주혁,1289762,1744661,1722446,1030738,5787606
2011,3,이동욱,1253598,1482922,1400147,1366440,5503107
2011,4,박하선,1727100,1304751,797178,306231,4135259
2011,5,엄지원,1086094,1596447,932427,408108,4023076
2011,6,이도현,2616340,737125,381070,206546,3941082
2011,7,이지아,1276038,1197533,814298,580605,3868474
2011,8,김소연,949385,1229856,1152665,389766,3721672
2011,9,조보아,857391,1359148,1080108,338529,3635175
2011,10,이재욱,675580,671690,830519,1154147,3331936
2011,11,유진,662068,1139193,994023,418675,3213960
2011,12,고아라,492577,692976,793975,1158733,3138262
2011,13,진기주,871896,1218818,114717,751023,2956454
2011,14,옹성우,396804,686669,1499041,258382,2840896
2011,15,배성우,931108,898741,495222,295066,2620137
2011,16,김범,753868,1096621,481283,242433,2574205
2011,17,배수지,159536,978980,874597,436618,2449732
2011,18,권상우,487411,995710,607867,327962,2418950
2011,19,엄기순,490789,1046166,441537,318592,2297083
2011,20,전인화,326206,1177823,110573,663101,2277703
2011,21,강한나,563911,909778,530824,226882,2231394
2011,22,김사랑,405745,949196,524796,276724,2156462
2011,23,이장우,269437,1088738,101343,685630,2145147
2011,24,안보현,1305459,417836,237722,133577,2094593
2011,25,서현,431576,766295,608997,284500,2091368
2011,26,정다빈,781288,654346,387475,196179,2019289
2011,27,유인나,296659,618870,736334,326168,1978031
2011,28,황신혜,387068,510075,354134,685630,1936906
2011,29,신예은,438332,655135,610692,200565,1904724
2011,30,장혜진,704590,873513,157665,154312,1890080
2011,31,황민현,215987,689823,538924,387175,1831908
2011,32,최리,692271,730818,211727,110251,1745067
2011,33,김하늘,442505,685881,404428,193587,1726401
2011,34,이장우,269437,452524,293102,666092,1681155
2011,35,윤박,403758,774178,238287,143147,1559370
2011,36,신성록,314145,651981,329457,212926,1508509
2011,37,고경표,241818,731606,304028,215518,1492970
2011,38,장동윤,509268,533726,286698,133577,1463269
2011,39,정보석,199495,804136,62539,370826,1436996
2011,40,최유화,153595,450159,85143,607477,1296374
2011,41,문정혁,119492,586547,254863,320386,1281288
2011,42,윤현민,128797,734760,226608,188005,1278170
2011,43,임주환,106331,519535,332095,311215,1269176
2011,44,정수정,392631,603102,161997,95498,1253229
2011,45,김주현,452639,361861,226231,191195,1231926
2011,46,보나,182009,566049,74406,372421,1194885
2011,47,홍수아,366204,550282,201743,74763,1192992
2011,48,정보석,199495,241241,131293,618642,1190671
2011,49,강승윤,231287,279083,194585,452767,1157722
2011,50,김주헌,232082,438333,167837,309688,1147939
2102,1,김소연,1629340,2055524,763243,693804,5141911
2102,2,송중기,2263193,1493959,840478,526334,5123964
2102,3,이다희,2383521,1287407,461816,354279,4487022
2102,4,유진,1456074,1728473,620792,655924,4461263
2102,5,최강희,2013825,1321306,288878,416881,4040890
2102,6,전여빈,1977122,1203051,386968,356871,3924012
2102,7,김소현,937467,1329979,478783,564214,3310443
2102,8,조승우,1046156,1169151,618848,432232,3266387
2102,9,이레,1516478,1097410,170199,338728,3122815
2102,10,김래원,822221,1267697,435659,351488,2877065
2102,11,엄기준,358057,1748602,220834,526334,2853828
2102,12,박신혜,728633,1110812,569627,408706,2817778
2102,13,음문석,1470777,906624,110726,272338,2760466
2102,14,김영광,731812,1128156,205370,350690,2416028
2102,15,성훈,886202,614139,327142,287689,2115173
2102,16,여진구,365012,976789,340928,333943,2016672
2102,17,옥택연,428000,1021726,219509,273136,1942370
2102,18,신하균,240427,963387,370796,358864,1933474
2102,19,원진아,610009,618870,473128,190796,1892802
2102,20,이서진,867326,712686,119475,189600,1889086
2102,21,정보석,1145704,348459,75555,298854,1868573
2102,22,로운,617957,627542,415599,192391,1853489
2102,23,김성오,245792,1020149,209965,293671,1769577
2102,24,진기주,540067,472233,299571,323177,1635048
2102,25,봉태규,223935,996498,113377,294069,1627880
2102,26,박주미,428993,541610,334477,271341,1576421
2102,27,이주영,506486,717416,149962,187606,1561471
2102,28,이태곤,343135,588123,325993,278718,1535969
2102,29,지수,222871,477823,382284,439974,1522953
2102,30,이소연,449459,675632,149432,155707,1430231
2102,31,유재명,166471,832518,148902,231667,1379557
2102,32,최여진,417270,629118,152878,141552,1340819
2102,33,이지훈,213404,555012,165692,400333,1334440
2102,34,강하늘,442505,372899,163306,344709,1323418
2102,35,이가령,205257,558165,281720,277123,1322266
2102,36,김여진,113815,797829,87662,205549,1204856
2102,37,최유화,239831,443852,149520,364247,1197450
2102,38,이주빈,285532,402857,284548,142549,1115485
2102,39,황신혜,254574,413105,114438,317794,1099912
2102,40,김영철,243606,619658,65040,171059,1099362
2102,41,이장우,206052,417047,122745,314006,1059850
2102,42,신은경,312754,471445,110638,147533,1042370
2102,43,이민영,236453,324808,210848,221300,993409
2102,44,전인화,236393,357920,66453,301645,962412
2102,45,인교진,335803,203399,38441,266756,844398
2102,46,경성환,106543,515593,53287,106463,781886
2102,47,정우연,345539,307464,70695,43263,766961
2102,48,성동일,156437,249125,114261,80545,600367
2102,49,홍수아,118902,350824,53021,57219,579967
2102,50,최성은,282949,171864,39766,58814,553393
2104,1,송중기,2005678,2212952,2555897,2056232,8830758
2104,2,이제훈,1146896,1741507,1058926,1717998,5665327
2104,3,장나라,971842,1071393,765717,1927300,4736253
2104,4,송강,1117489,1231432,668246,1609705,4626873
2104,5,옥택연,411706,1538896,602853,1597344,4150800
2104,6,이승기,853019,1111600,521377,1279550,3765547
2104,7,표예진,883818,921603,532777,1371858,3710056
2104,8,정용화,379716,1031187,619909,1591164,3621975
2104,9,박인환,147416,1232221,531274,1379633,3290544
2104,10,이솜,502711,943678,452979,1198008,3097377
2104,11,김명민,196912,1035128,430711,1174084,2836835
2104,12,나나,238639,862476,444496,1133413,2679023
2104,13,김현주,323682,786004,385996,1032931,2528613
2104,14,김옥빈,1193392,517958,179566,502410,2393326
2104,15,여진구,417071,518747,409679,1020769,2366266
2104,16,김범,310568,876666,301692,843730,2332656
2104,17,지진희,218093,722934,380075,1005817,2326919
2104,18,김여진,340572,1097410,200951,623626,2262559
2104,19,신하균,328451,595219,348527,897161,2169358
2104,20,이민기,243408,812808,271381,730887,2058484
2104,21,김의성,139090,838036,244605,716532,1938264
2104,22,류혜영,263476,748162,230025,657120,1898783
2104,23,홍은희,285651,679574,251587,681244,1898056
2104,24,전혜빈,309674,540033,292357,744051,1886115
2104,25,이희준,197548,837248,210230,592126,1837151
2104,26,이소연,201283,696130,232145,599901,1729460
2104,27,최여진,129334,715051,246196,634990,1725571
2104,28,차지연,515825,491154,188049,529723,1724752
2104,29,조승우,515229,359496,227550,556838,1659113
2104,30,박주현,282750,726088,155618,446985,1611441
2104,31,박신혜,445287,390243,214648,533312,1583490
2104,32,나문희,116041,722934,172231,473103,1484309
2104,33,홍승희,135732,667749,153055,424855,1381391
2104,34,이정은,100880,679574,139976,446985,1367416
2104,35,이준혁,128380,483270,180449,497027,1289127
2104,36,정일우,203648,586547,99327,352086,1241607
2104,37,고원희,209410,357131,179212,441602,1187356
2104,38,강말금,153059,435968,129726,372222,1090974
2104,39,경성환,116418,618081,82095,243230,1059825
2104,40,경수진,117611,508498,96852,266357,989318
2104,41,유재명,91402,526630,98797,248214,965043
2104,42,최성은,470323,192362,75732,209736,948153
2104,43,이상보,86474,578663,71844,210334,947315
2104,44,김경남,202952,355554,88899,234458,881864
2104,45,정우연,203568,302734,96852,244227,847381
2104,46,최대훈,141812,311406,79532,249012,781762
2104,47,안재욱,138991,407587,56203,153115,755895
2104,48,최정윤,141097,290120,57970,184018,673204
2104,49,배슬기,136467,280659,51342,162685,631154
2104,50,류진,125082,311406,39943,109254,585684
2107,1,조정석,531917,1427785,1703815,736944,4400461
2107,2,송강,1333461,934505,1245729,777245,4290940
2107,3,김소연,361518,1321627,1569726,819798,4072670
2107,4,이지아,412355,1252088,896145,881746,3442335
2107,5,한소희,1064606,818940,1073005,470291,3426842
2107,6,전미도,505534,1231618,1279657,269182,3285991
2107,7,장기용,922007,788815,824096,464653,2999570
2107,8,정경호,514414,1085952,1112382,277126,2989873
2107,9,유연석,379665,1107637,1135780,240092,2863174
2107,10,이하나,190733,1439188,695448,303692,2629060
2107,11,엄기순,113681,1569970,293697,434161,2411508
2107,12,박주미,312870,500191,1326453,227336,2366850
2107,13,김대명,300000,930305,856148,204818,2291271
2107,14,서현진,519948,466921,465501,803339,2255709
2107,15,이대곤,235392,463209,1190524,213680,2102805
2107,16,채종협,741956,420221,434235,437988,2034400
2107,17,지성,318533,418140,446488,794057,1977217
2107,18,김민정,441956,378785,354730,612448,1787919
2107,19,김동욱,368468,389521,356336,488654,1602979
2107,20,정소민,269627,355027,294165,614133,1532950
2107,21,전예빈,152780,449040,437165,245068,1284052
2107,22,진영,236293,312035,356458,353973,1258760
2107,23,이상엽,316345,288077,206554,423532,1234507
2107,24,송승헌,137220,447028,288213,354112,1226573
2107,25,김지석,129640,280713,211579,595855,1217786
2107,26,혜리,238481,341152,465320,163026,1207979
2107,27,박지훈,235392,387993,389931,138982,1152299
2107,28,양예지,384942,207981,240109,282744,1115775
2107,29,이규형,267439,214416,234240,390633,1106727
2107,30,성훈,162085,481994,267258,189467,1100804
2107,31,탕준상,307850,331582,270408,173391,1083231
2107,32,강한나,288417,311540,300204,164498,1064658
2107,33,김경남,232728,350697,281380,190886,1055692
2107,34,고원희,155984,348061,336043,199752,1039840
2107,35,이가령,98752,441549,231596,193350,965246
2107,36,정지소,284684,275872,192572,124935,878064
2107,37,이민영,142741,331406,252599,94179,820926
2107,38,박규영,231789,225254,197972,123852,778866
2107,39,남규리,209395,215576,201281,148398,774650
2107,40,배인혁,177349,298161,226131,64024,765665
2107,41,윤박,166152,218068,202199,144425,730843
2107,42,정재영,116293,226413,132025,219311,694042
2107,43,배인혁,177349,223461,199472,84818,685099
2107,44,소이현,162831,184296,128168,196370,671666
2107,45,오나라,188159,196682,174462,105368,664672
2107,46,김도완,133359,230798,180529,94986,639671
2107,47,강민아,155598,302731,101159,71780,631268
2107,48,최현욱,174260,200244,167629,57112,599245
2107,49,남궁민,188417,176316,113223,94193,572149
2107,50,채정안,109871,190732,144995,117532,563131
2109,1,김선호,1916214,1122146,1275473,1237897,5551730
2109,2,조정석,481081,1541044,1860695,578979,4461798
2109,3,신민아,1255469,833132,982908,1209181,4280690
2109,4,김소연,371300,1267596,1154633,1009963,3803492
2109,5,전미도,510296,1349732,1450760,435010,3745798
2109,6,송강,607850,670264,1059742,1277691,3615547
2109,7,한소희,471428,626496,965400,1397307,3460631
2109,8,이지아,420334,771904,981797,1279552,3453587
2109,9,안효섭,1076704,744335,635509,863553,3320101
2109,10,정경호,467696,1174780,1232200,322541,3197217
2109,11,김대명,523166,1149436,1083419,411845,3167866
2109,12,유연석,291763,1184008,1236548,266713,2979031
2109,13,박주미,321750,541413,1429213,185335,2477712
2109,14,김유정,583783,537760,434005,837601,2393150
2109,15,엄기준,165380,714706,783141,728821,2392047
2109,16,유진,175161,741989,626436,814671,2358257
2109,17,윤종훈,123616,1010535,703148,385994,2223293
2109,18,진영,291119,498810,691981,708703,2190613
2109,19,전도연,306821,378944,300428,1092769,2078962
2109,20,남궁민,590090,491070,361921,630862,2073942
2109,21,류준열,307722,381206,291324,1081951,2062203
2109,22,박하선,775546,506361,406255,364154,2052317
2109,23,이민영,153758,376937,1358947,81581,1971223
2109,24,이상이,320592,254406,390854,921344,1887195
2109,25,공명,627413,419100,389948,237739,1674200
2109,26,전혜빈,161699,508272,527752,386387,1584110
2109,27,지성,183655,426205,458846,475691,1544397
2109,28,서현진,269369,430754,462772,357877,1520772
2109,29,홍은희,135650,498705,456625,348543,1439522
2109,30,성훈,89266,480989,734133,114514,1418903
2109,31,진영,291119,388920,427476,284360,1391875
2109,32,이하늬,261132,266047,199108,596734,1323021
2109,33,이태곤,69807,415589,717972,103274,1306642
2109,34,조여정,229472,262211,205109,576329,1273121
2109,35,고원희,138816,388393,403248,327950,1258406
2109,36,김동욱,175804,363254,347092,314970,1201120
2109,37,정수정,237709,356515,259623,252257,1106104
2109,38,김민정,158301,308160,294114,296822,1057397
2109,39,김경남,134672,348548,296755,235512,1015486
2109,40,채종협,281596,242971,272834,210909,1008309
2109,41,차태현,134620,302752,231354,309454,978181
2109,42,이상엽,189060,259930,167898,321663,938551
2109,43,진서연,251866,214624,145218,135235,746943
2109,44,박규영,175418,237007,207580,124655,744661
2109,45,이보희,106731,282978,216118,122513,728340
2109,46,김지은,217889,202110,146746,111747,678492
2109,47,박세진,99961,153625,96750,284721,635057
2109,48,김지수,120939,187734,129563,192682,630919
2109,49,이상윤,146113,175486,118670,184431,624701
2109,50,공현주,103655,188569,106588,214164,612976
2110,1,남궁민,1688029,1072584,2490207,2067565,7318385
2110,2,김선호,2188542,1952210,1421710,1639115,7201577
2110,3,신민아,1702701,1258172,1441808,1532964,5935645
2110,4,조정석,606306,1623488,1984015,514843,4728652
2110,5,전미도,658172,1431165,1575286,341722,4006345
2110,6,김대명,721750,1253400,1229814,330485,3535449
2110,7,이하늬,1029085,792317,708266,763142,3292810
2110,8,안효섭,900257,729542,623286,934909,3187993
2110,9,류준열,265508,414394,1332559,1107701,3120162
2110,10,이상이,597039,435939,839106,702425,2574508
2110,11,김유정,502702,576098,469430,781964,2330195
2110,12,공명,850450,568651,533586,368425,2321112
2110,13,김고은,649034,500191,535174,613778,2298177
2110,14,이세희,763448,500441,421428,561781,2247098
2110,15,김민재,693436,437613,356694,642103,2129845
2110,16,전도연,196268,380222,817584,726297,2120370
2110,17,김지은,503989,554916,489702,530016,2078623
2110,18,정경호,469112,593778,586909,261544,1911342
2110,19,박규영,558301,393885,325502,622429,1900116
2110,20,유연석,357657,826195,418706,226061,1828619
2110,21,박하선,467181,423011,350432,558709,1799334
2110,22,안보현,545045,391034,377419,470443,1783941
2110,23,조여정,285971,339710,300195,755785,1681662
2110,24,진서연,566924,395613,338910,255305,1556751
2110,25,전혜빈,121338,494816,509402,269059,1394615
2110,26,이상윤,384813,342158,309629,349967,1386568
2110,27,최정윤,497297,303395,277732,174936,1253360
2110,28,홍은희,87516,477835,436919,225414,1227683
2110,29,소이현,206821,344910,248184,415313,1215228
2110,30,차태현,80811,313819,235711,489470,1119810
2110,31,고원희,115187,377016,395757,215497,1103456
2110,32,지현우,190167,244524,168204,467217,1070112
2110,33,이유비,342342,248701,224928,167395,983366
2110,34,진영,167439,292456,275144,236110,971148
2110,35,정수정,127928,338536,240782,193890,901136
2110,36,박지현,322522,207998,184444,157627,872591
2110,37,박세진,177477,217617,163176,310442,868712
2110,38,김경남,107876,335974,283160,129771,856782
2110,39,한예리,223938,237489,163079,219253,843759
2110,40,박하나,179717,171061,143575,321663,816016
2110,41,최명길,108700,266152,161578,240568,776999
2110,42,김지수,153398,222286,182400,199657,757740
2110,43,이원근,211248,199595,165375,120535,696753
2110,44,공현주,148340,223860,151412,169431,693042
2110,45,김영옥,182020,144864,245427,67946,640258
2110,46,곽시양,117284,158928,160597,170770,607579
2110,47,엄태구,128121,173568,116350,158562,576601
2110,48,박윤재,107799,172623,124744,115712,520879
2110,49,하준,101634,172572,112982,119878,507066
2110,50,조한철,111029,105075,171101,37866,425071
2112,1,송혜교,1699226,1299551,1353831,1976105,6328712
2112,2,장기용,1314156,967788,941638,1047361,4270942
2112,3,전지현,421364,717975,920725,2191994,4252058
2112,4,박은빈,829343,716335,741198,1571346,3858223
2112,5,고현정,454568,573681,633632,1126280,2788161
2112,6,이세희,597812,604284,561427,969987,2733509
2112,7,지현우,480952,559762,513506,1079508,2633727
2112,8,이영애,281982,384614,416532,1498484,2581613
2112,9,주지훈,224710,584587,607432,1140359,2557089
2112,10,로운,709266,435979,439807,774224,2359276
2112,11,이세영,442857,426311,422862,683944,1975973
2112,12,한효주,520334,385131,450709,512493,1868668
2112,13,이준호,410424,421088,414590,531857,1777959
2112,14,박형식,450707,351569,418740,371842,1592859
2112,15,이도현,461390,370775,353812,397049,1583025
2112,16,김요한,222136,322209,212615,820229,1577190
2112,17,김민재,467310,426147,332830,295166,1521453
2112,18,신현빈,204504,372494,314531,549647,1441176
2112,19,박하나,261004,322570,339179,470026,1392779
2112,20,소이현,105470,395905,284791,592789,1378955
2112,21,임수정,309395,301820,320932,438967,1371114
2112,22,김재영,273101,292159,274297,492662,1332221
2112,23,김혜준,372587,321985,317043,257962,1269577
2112,24,최명길,186615,377530,255110,397011,1216266
2112,25,최희서,300000,336602,298183,231915,1166700
2112,26,곽시양,302574,407312,219455,225615,1154957
2112,27,김민규,101802,370251,457638,213540,1143231
2112,28,박규영,196396,320078,248565,281980,1047019
2112,29,조여정,76782,295839,280095,314545,967261
2112,30,남윤수,254697,238881,291448,170058,955085
2112,31,조이현,266409,262931,205733,217259,952331
2112,32,엄현경,89704,199982,177537,439285,906508
2112,33,옥택연,154826,236720,179355,300791,871692
2112,34,성동일,115830,228899,282150,211265,838144
2112,35,오정세,89138,229136,253935,195030,767238
2112,36,송윤아,179511,207143,147974,180560,715188
2112,37,전소미,304504,130541,143662,80967,659674
2112,38,오승아,63127,153408,141685,295500,653721
2112,39,배윤경,150836,170075,194766,100665,616343
2112,40,김주헌,122934,198104,172373,119669,613080
2112,41,강훈,181853,145254,170221,72189,569517
2112,42,조우진,100064,152702,170046,139100,561912
2112,43,박해수,164865,168473,128282,86507,548127
2112,44,이덕화,112510,140309,163612,107146,523577
2112,45,박효주,83900,132018,124030,172751,512698
2112,46,수현,147233,171885,122686,69922,511726
2112,47,황보름별,120193,162206,101726,92809,476934
2112,48,추영우,115933,162243,108789,88281,475246
2112,49,한다감,70579,140909,86751,174818,473057
2112,50,백성철,134556,124701,146557,66737,472550
2201,1,최우식,1973100,1312930,1756994,1513773,6556797
2201,2,김다미,1677476,1102413,1342364,1214919,5337173
2201,3,지현우,1136292,982966,1011122,1393301,4523681
2201,4,정해인,820849,773743,712853,1998668,4306112
2201,5,이세희,761132,792128,848307,663538,3065105
2201,6,송혜교,557528,670479,760890,833251,2822148
2201,7,지수,385070,648356,900396,858019,2791842
2201,8,노정의,671685,680410,760439,594503,2707036
2201,9,김성철,674645,521148,687377,749990,2633161
2201,10,임시완,748905,524058,482691,496762,2252417
2201,11,김남길,601415,462643,431082,521409,2016549
2201,12,전소민,482496,467501,395086,456757,1801839
2201,13,장기용,284942,623959,572537,309446,1790884
2201,14,권나라,442985,380887,410104,516235,1750211
2201,15,이진욱,357657,369272,393723,524688,1645340
2201,16,박하나,238095,375854,495894,519304,1629147
2201,17,송윤아,312741,425689,350818,420062,1509310
2201,18,유승호,321621,424481,295064,334307,1375473
2201,19,이준,361261,300566,335215,343327,1340369
2201,20,이동욱,363320,343794,311163,279145,1297423
2201,21,김범,282368,307476,286582,371745,1248171
2201,22,조이현,283526,355790,252407,304438,1196162
2201,23,김요한,238739,441616,270636,237980,1188970
2201,24,수애,212741,320250,371052,258294,1162336
2201,25,김주헌,293050,307205,264231,191767,1056254
2201,26,고아성,291892,279756,253668,226652,1051967
2201,27,송지효,327413,279848,254376,178167,1039804
2201,28,김영철,178250,295299,221560,311473,1006581
2201,29,한지은,365251,281258,231497,121943,999949
2201,30,박진주,204633,141960,246033,387161,979788
2201,31,공승연,269755,255814,265661,183982,975213
2201,32,손나은,302188,251166,245430,161882,960666
2201,33,유이,241956,238490,267563,202012,950021
2201,34,김소진,277863,237788,210782,191482,917915
2201,35,진선규,190952,248286,207200,266042,912480
2201,36,정지훈,188674,284535,262413,176226,911848
2201,37,위하준,218661,273421,214590,167847,874520
2201,38,전혜진,250322,214425,194047,215070,873864
2201,39,오정세,187130,203680,197449,284044,872303
2201,40,이이담,106821,171773,152296,433885,864775
2201,41,윤다훈,228687,210042,153043,211716,803488
2201,42,유인나,182111,187292,186357,216242,772003
2201,43,함은정,125959,170512,142902,297756,737129
2201,44,주상욱,151995,274872,180307,121616,728789
2201,45,박선영,242986,170779,172291,123505,709560
2201,46,김경남,152908,237284,136930,177824,704947
2201,47,박용우,168340,205908,171325,156442,702015
2201,48,이학주,245817,165832,172767,110460,694876
2201,49,황찬성,171171,198365,177915,134223,681673
2201,50,남지현,142741,179031,153173,124202,599147
2203,1,손예진,2374129,1359563,1279871,1497050,6510613
2203,2,김태리,1886742,1100551,1363974,1029338,5380605
2203,3,남주혁,1649805,942813,1252658,978784,4824060
2203,4,송강,1133847,699754,773700,780353,3387654
2203,5,박민영,971685,645396,718245,872351,3207677
2203,6,연우진,1135906,644892,617334,607363,3005496
2203,7,지현우,394337,708986,780817,905054,2789195
2203,8,차서원,978120,630686,588152,530857,2727815
2203,9,이세희,412870,701204,806269,470573,2390915
2203,10,전미도,563706,484676,450441,827038,2325861
2203,11,한선화,703088,538010,637000,291052,2169150
2203,12,이선빈,630759,532121,564534,294959,2022372
2203,13,정은지,558687,457562,551082,263163,1830494
2203,14,김남길,399227,460520,450975,482796,1793518
2203,15,수애,152741,336769,408384,781136,1679030
2203,16,김지현,535649,427491,386190,313891,1663222
2203,17,박하나,131017,355687,518477,643179,1648359
2203,18,김범,210939,366639,355982,545014,1478574
2203,19,강예원,123063,232091,140328,913877,1409359
2203,20,이민영,84736,213548,941191,158476,1397952
2203,21,손나은,356499,332712,342087,321062,1352360
2203,22,정지훈,95611,333555,320780,551423,1301368
2203,23,임시완,227027,179199,222226,631619,1260071
2203,24,김경남,90051,226359,122373,814517,1253300
2203,25,이무생,336937,265162,251020,391768,1244886
2203,26,유승호,194337,422866,269496,336915,1223615
2203,27,최현욱,423680,276469,315990,143996,1160135
2203,28,안은진,126641,287796,168638,559265,1142339
2203,29,유이,164736,268466,312299,383873,1129375
2203,30,보나,294208,250701,313677,227651,1086238
2203,31,이지훈,204247,227804,169804,405955,1007809
2203,32,이주명,336422,229189,262641,137749,966001
2203,33,유라,144788,181082,210897,410580,947346
2203,34,박주미,73102,256477,381434,191390,902403
2203,35,윤박,155354,182652,201597,333068,872671
2203,36,엄현경,61042,276909,278716,235354,852022
2203,37,진선규,76551,254544,221013,242226,794333
2203,38,한채영,133423,188530,122954,321048,765955
2203,39,김영철,104826,275955,199529,184685,764996
2203,40,오승아,75457,217178,226798,236441,755874
2203,41,김소진,137194,212137,201957,171428,722716
2203,42,고아성,83629,96697,129973,404098,714397
2203,43,함은정,74800,159428,148018,247663,629910
2203,44,황신혜,84852,157342,128458,194295,564947
2203,45,고두심,71622,147677,75071,257922,552291
2203,46,구자성,112175,154328,92485,120993,479981
2203,47,이학주,116602,118369,138530,81616,455116
2203,48,성동일,93809,105109,117224,108826,424969
2203,49,지이수,62072,115900,57789,84337,320097
2203,50,김정민,89305,46838,62852,37550,236545
2205,1,이병헌,594594,739125,1189757,1293790,3817265
2205,2,이준기,998583,641417,734739,873639,3248377
2205,3,손석구,1084298,579098,446386,439023,2548804
2205,4,차승원,409266,437122,480386,1171708,2498481
2205,5,한지민,525225,503689,567468,900582,2496963
2205,6,이정은,480952,485215,494875,965455,2426497
2205,7,로운,244787,371881,753844,952771,2323283
2205,8,신민아,431145,509946,565301,787576,2293968
2205,9,김희선,474517,681634,364367,423892,1944410
2205,10,박주미,426641,531731,405712,447928,1812011
2205,11,배다빈,504504,343558,344244,606814,1799121
2205,12,이요원,350965,362430,359909,679169,1752472
2205,13,김지은,593307,351402,345343,331009,1621061
2205,14,김지원,421621,305103,397220,417779,1541723
2205,15,윤시윤,294723,273392,253583,662898,1484596
2205,16,안보현,246332,364486,341055,532150,1484023
2205,17,설현,371943,279546,257813,564221,1473522
2205,18,추자현,279408,287643,311556,562768,1441374
2205,19,조보아,209524,339950,320242,556019,1425735
2205,20,김재욱,183655,300109,242448,670348,1396559
2205,21,이수혁,246203,295198,457402,373296,1372098
2205,22,김우석,253925,249701,236734,506868,1247229
2205,23,이광수,216988,228790,185307,561240,1192325
2205,24,진기주,230373,376967,218040,354436,1179816
2205,25,이성경,241956,240224,224361,427553,1134094
2205,26,박해진,196525,400754,262199,261150,1120628
2205,27,주상욱,82947,369300,222485,371752,1046484
2205,28,이엘,284298,228895,283244,234694,1031132
2205,29,김규리,174131,208326,228836,318015,929307
2205,30,오연수,135907,226689,210004,274756,847356
2205,31,김영철,80759,331680,225317,188904,826660
2205,32,윤지온,186229,232115,257897,149436,825677
2205,33,김영대,114582,189184,146438,369566,819769
2205,34,정수정,126898,277124,250841,163389,818252
2205,35,황신혜,96847,200963,192329,312611,802750
2205,36,함은정,95354,238130,238259,201035,772777
2205,37,정준호,130631,212000,121748,296848,761227
2205,38,이민기,187516,189697,243972,120293,741477
2205,39,신동미,178623,172555,178289,118141,647607
2205,40,서범준,160013,175272,151792,130505,617582
2205,41,오민석,121235,163044,141308,187677,613264
2205,42,이승연,94620,122860,77231,266348,561059
2205,43,이경영,92188,150748,150035,158262,551232
2205,44,박진희,72226,230583,145365,99206,547380
2205,45,장혜진,97297,142599,140837,132193,512927
2205,46,남상지,150965,108800,110237,137476,507478
2205,47,서하준,99691,137754,86330,181319,505093
2205,48,이영은,77889,114093,75660,171960,439603
2205,49,정상훈,69614,101671,104994,102626,378906
2205,50,양병열,76358,72513,73682,63374,285926
2206,1,손석구,1033712,713514,1873737,702124,4323087
2206,2,이병헌,431531,545705,705310,932666,2615212
2206,3,신민아,366152,554193,753719,746932,2420996
2206,4,이준기,515701,511664,535367,743718,2306450
2206,5,이민기,369884,350055,515921,784068,2019927
2206,6,임수향,367953,375682,490765,744192,1978593
2206,7,한지민,578764,637933,340471,352861,1910029
2206,8,이엘,394466,356920,511909,550104,1813399
2206,9,정동원,491634,494335,400991,245473,1632433
2206,10,강한나,403217,409279,332757,474188,1619440
2206,11,서현진,535006,357864,314609,375981,1583460
2206,12,박해진,178121,451838,302858,615636,1548453
2206,13,이준,258558,344094,286151,488104,1376907
2206,14,진기주,201544,423215,249297,451599,1325655
2206,15,정준호,335778,343848,238074,403341,1321041
2206,16,홍지윤,251995,205661,302641,552745,1313040
2206,17,차승원,141776,348084,464720,327522,1282102
2206,18,이성경,204504,265783,303246,496782,1270315
2206,19,김지은,371557,287021,308370,236569,1203517
2206,20,김지원,345430,259403,315209,257082,1177124
2206,21,황인엽,395366,285306,243692,187504,1111869
2206,22,이광수,175933,266601,228153,424179,1094867
2206,23,이서진,296267,282360,236896,262537,1078060
2206,24,성훈,173874,271244,225662,377622,1048402
2206,25,이정은,215958,218692,387606,221096,1043351
2206,26,소지섭,174517,210507,157393,461243,1003660
2206,27,이경영,144788,239185,243934,329148,957055
2206,28,설현,166280,223607,215250,268181,873319
2206,29,박주현,162162,254179,261509,171905,849755
2206,30,장혁,102947,221477,188027,296964,809415
2206,31,홍은희,84517,111058,233582,376361,805518
2206,32,김영대,131776,241501,221349,201665,796291
2206,33,채종협,136808,236798,252512,152046,778164
2206,34,이승연,100309,141162,98757,437882,778110
2206,35,신동욱,74672,184386,391705,124445,775209
2206,36,곽도원,138430,206646,146551,281809,773437
2206,37,차예련,132458,161583,108030,265629,667699
2206,38,서지혜,164865,96665,257647,141706,660883
2206,39,박지연,163706,152786,146814,191453,654759
2206,40,윤두준,110167,185588,152722,164889,613366
2206,41,한고은,169755,161278,119283,154990,605307
2206,42,이경영,144788,89785,84693,155144,474409
2206,43,안보현,155856,75730,74426,125020,431031
2206,44,허성태,91969,137671,122830,73364,425834
2206,45,김광규,81634,84512,70063,129181,365391
2206,46,남상지,74260,89029,102528,81656,347473
2206,47,이주빈,99356,56327,59249,121876,336808
2206,48,배인혁,86988,99964,80024,57727,324703
2206,49,김우석,112432,51174,51784,96400,311791
2206,50,조보아,92664,46559,57311,104608,301142
2207,1,박은빈,6532941,3325974,3967046,3478744,17304704
2207,2,강태오,1866021,1065652,1334803,996650,5263126
2207,3,강기영,1341183,795758,1032784,584607,3754333
2207,4,서현진,636808,589184,945226,1127881,3299098
2207,5,이재욱,751222,551970,642478,721148,2666819
2207,6,정소민,535649,439494,508299,768389,2251831
2207,7,이주빈,1010810,478785,485998,228622,2204214
2207,8,황인엽,404762,425871,480086,549520,1860238
2207,9,박병은,234363,369165,317768,718451,1639747
2207,10,허준호,138584,241242,290008,856407,1526241
2207,11,서인국,287645,343410,386489,380217,1397760
2207,12,소지섭,253410,374838,350002,403303,1381554
2207,13,강하늘,188932,281732,292203,579217,1342084
2207,14,배다빈,161519,310846,437179,411989,1321532
2207,15,윤시윤,157374,342168,341712,460331,1301585
2207,16,황민현,268854,282187,404875,245950,1201866
2207,17,차예련,160926,272408,220818,531004,1185157
2207,18,전소민,278764,280235,249372,334298,1142669
2207,19,염정아,82510,212339,188724,650048,1133620
2207,20,신동미,132844,263311,395490,341619,1133264
2207,21,오연서,211840,270642,272604,322197,1077283
2207,22,나인우,209781,319710,227752,238210,995454
2207,23,서현,227156,280834,202851,226602,937443
2207,24,오민석,79871,262732,248631,337816,929050
2207,25,신승호,257014,204726,236738,168263,866742
2207,26,전배수,209781,174870,384182,77848,846682
2207,27,이상엽,99588,216054,226819,271887,814349
2207,28,이유영,176963,212768,208548,183518,781796
2207,29,임수향,116306,239471,217663,195287,768727
2207,30,문가영,148134,238082,288736,75471,750423
2207,31,배인혁,124273,178029,251042,193575,746919
2207,32,이유리,168468,203825,163160,198737,734190
2207,33,이무생,100103,124708,120762,353815,699387
2207,34,여진구,116988,213832,277487,77372,685680
2207,35,신성록,108661,201410,192350,176100,678521
2207,36,이현진,89253,139803,111894,296146,637097
2207,37,김동욱,99086,163826,146509,207209,616630
2207,38,유선,107889,190247,145580,159391,603107
2207,39,남상지,106512,130106,172558,179627,588803
2207,40,서범준,68752,216068,211087,84526,580433
2207,41,이경영,142986,183152,165133,88984,580255
2207,42,김성규,163706,175277,150356,81911,571251
2207,43,김지영,127284,106769,280466,44873,559392
2207,44,곽시양,113462,181455,170928,85321,551166
2207,45,허성태,105315,152913,132124,80260,470613
2207,46,강영석,135135,114926,135308,82347,467716
2207,47,이휘향,70708,96138,96848,155564,419258
2207,48,채정안,87529,157150,111649,62669,418996
2207,49,유준상,64363,127236,177877,39769,409245
2207,50,권수현,67889,105260,117453,30968,321570
2209,1,박은빈,1708106,1829471,2783453,2035124,8356154
2209,2,이종석,1017374,764696,1013837,1712516,4508422
2209,3,강태오,983397,1004473,1427789,995537,4411196
2209,4,정소민,581467,563548,738578,1219855,3103448
2209,5,이재욱,614414,586363,790668,979440,2970884
2209,6,강기영,366023,589668,946593,427308,2329591
2209,7,김세정,281467,340137,495414,1017426,2134444
2209,8,배다빈,255984,437976,620764,714384,2029109
2209,9,윤시윤,254183,470365,477141,772288,1973977
2209,10,장승조,413513,466108,402121,538635,1820376
2209,11,김고은,403603,309899,384310,708203,1806015
2209,12,차예련,130811,323304,303182,669136,1426432
2209,13,서인국,195109,375939,480315,309044,1360407
2209,14,신동미,109575,300462,510564,410140,1330741
2209,15,임윤아,100643,305207,304424,617664,1327939
2209,16,황민현,183912,299848,507066,321237,1312064
2209,17,김주헌,270656,256064,291762,428328,1246810
2209,18,손현주,127233,355246,264532,471314,1218325
2209,19,지창욱,323166,297615,243765,275805,1140351
2209,20,남지현,273745,225292,265652,354759,1119448
2209,21,신승호,187259,220612,284998,332590,1025459
2209,22,김향기,274517,248609,255833,230815,1009775
2209,23,지성,143243,210614,215592,416767,986216
2209,24,오연서,105959,285072,306514,256689,954234
2209,25,김효진,121004,161097,150585,507669,940355
2209,26,박지후,233591,201896,229625,235973,901085
2209,27,정일우,183140,206035,175837,290046,855058
2209,28,전배수,65225,169963,505251,78171,818610
2209,29,이현진,70399,167008,150506,427501,815414
2209,30,이승연,81030,186483,143557,394344,805413
2209,31,서범준,99009,256941,273213,114711,743874
2209,32,남윤수,124286,175489,193025,244225,737024
2209,33,음문석,289318,173304,172862,91162,726645
2209,34,최대훈,175547,143176,140081,237130,695934
2209,35,서지혜,137194,159004,176668,219399,692265
2209,36,최다니엘,90167,163615,188455,247699,689936
2209,37,양경원,139253,168667,209780,153713,671413
2209,38,남상지,68919,132982,193970,270690,666561
2209,39,옥자연,171814,160368,220854,88118,641154
2209,40,권유리,101596,169901,131053,217355,619904
2209,41,최수영,78880,211279,132948,161778,584885
2209,42,이유리,65688,179197,140943,181961,567790
2209,43,이휘향,67143,112797,133858,228503,542301
2209,44,이수경,93462,132552,147404,161168,534585
2209,45,허성태,150708,133553,154993,75204,514458
2209,46,위하준,138829,133471,141528,92805,506633
2209,47,이경영,177400,123922,115498,74611,491431
2209,48,정문성,78404,92978,106425,193467,471274
2209,49,성동일,85380,140571,106367,104690,437007
2209,50,원지안,78507,89463,81565,54187,303723
2210,1,김고은,512612,467052,826858,1473817,3280340
2210,2,이승기,516344,466924,732565,1490350,3206184
2210,3,이세영,450193,412226,677845,1508805,3049069
2210,4,위하준,581467,538223,525204,870414,2515308
2210,5,남지현,404633,368597,528412,807089,2108731
2210,6,육성재,295238,280309,337416,887904,1800866
2210,7,박지후,354440,326126,430534,653772,1764872
2210,8,정채연,268082,248262,249405,919844,1685594
2210,9,엄지원,299871,277606,382093,662545,1622114
2210,10,장승조,275675,252123,379525,583283,1490607
2210,11,이종원,400514,375289,286214,285929,1347947
2210,12,고경표,228957,208623,224545,526122,1188247
2210,13,이하나,299099,282239,218477,371644,1171460
2210,14,곽동연,227542,208751,127412,588996,1152701
2210,15,지창욱,316859,289060,271175,264523,1141617
2210,16,차예련,135354,127156,353375,510183,1126068
2210,17,정일우,190759,178764,214689,363082,947294
2210,18,손현주,77040,70656,271087,450728,869511
2210,19,최대훈,193822,177477,171581,265961,808842
2210,20,김재영,205019,185328,187649,222580,800576
2210,21,남상지,91287,83526,235744,385858,796415
2210,22,김선아,200643,184685,144712,215924,745963
2210,23,강민아,123552,106564,78224,435765,744105
2210,24,이유미,218018,184556,165007,174797,742378
2210,25,연우,119485,106950,169425,334788,730648
2210,26,정문성,169627,149936,162599,215601,697761
2210,27,정우,191763,176705,159976,153846,682290
2210,28,김슬기,78687,68726,257762,225139,630314
2210,29,임주환,109691,103861,119406,288449,621408
2210,30,김효진,111326,101030,175998,201276,589629
2210,31,옥택연,115907,106564,139538,218530,580538
2210,32,이미숙,166409,150450,110876,143671,571407
2210,33,차민지,60206,54826,220498,194474,530004
2210,34,정은지,108417,96782,141785,173520,520504
2210,35,이현진,66152,61519,180795,206361,514827
2210,36,안재욱,128713,119434,108696,155166,512008
2210,37,임지연,199356,114427,133298,57083,504164
2210,38,김소은,140592,127928,117723,112206,498449
2210,39,이승연,82947,77735,157676,171940,490298
2210,40,고성희,154569,135264,93605,95273,478711
2210,41,윤균상,151634,143372,112019,44559,451584
2210,42,음문석,120824,111840,114846,59428,406937
2210,43,성동일,87670,79537,124617,108410,400233
2210,44,박세영,122651,110425,105050,60973,399098
2210,45,최원영,97619,90862,108955,92287,389723
2210,46,권율,79099,71300,88394,82607,321400
2210,47,이태성,78018,71557,72727,77428,299730
2210,48,김승수,77503,70656,67657,36312,252128
2210,49,강형석,74633,68726,69587,25446,238392
2210,50,배현성,71519,64993,52729,40771,230012
2212,1,송중기,1435777,1294851,1316192,3743334,7790154
2212,2,김혜수,784941,719176,1042942,3661468,6208526
2212,3,문상민,1167180,1069111,763061,1354537,4353889
2212,4,하지원,704504,663191,541481,752646,2661821
2212,5,김래원,748905,688674,468043,733617,2639239
2212,6,이성민,475418,412741,546521,1136643,2571323
2212,7,남궁민,275933,239253,678762,1173688,2367636
2212,8,배인혁,674774,610553,448454,491685,2225466
2212,9,신현빈,625611,536550,506826,485105,2154092
2212,10,이서진,609008,551093,360658,624030,2144790
2212,11,김지은,517374,440283,518529,603962,2080148
2212,12,공승연,495109,446846,316749,428744,1687448
2212,13,강하늘,242857,223552,378299,648172,1492880
2212,14,임시완,137966,122394,926467,281980,1468806
2212,15,육성재,108558,99099,383335,849097,1440089
2212,16,옥자연,203089,182239,285073,553640,1224041
2212,17,한지현,254183,223552,263247,449124,1190106
2212,18,김소은,311454,289446,283479,260129,1144508
2212,19,손호준,272458,253925,232234,378360,1136977
2212,20,이다희,212999,189704,480058,231664,1114425
2212,21,주현영,286486,256757,222864,289153,1055260
2212,22,최원영,129356,117246,301741,496151,1044494
2212,23,연우,166152,139768,278812,445892,1030624
2212,24,곽선영,289961,257143,220580,262850,1030534
2212,25,박진영,349807,315315,248902,109487,1023510
2212,26,이하나,130013,121750,267871,447237,966872
2212,27,박하나,118031,107336,189674,506211,921251
2212,28,김고은,224195,199485,312270,138787,874737
2212,29,김승수,253912,241827,179313,186540,861592
2212,30,김현진,226383,207078,195190,215900,844552
2212,31,정지소,228571,203861,199046,193736,825213
2212,32,최시원,103501,93694,434599,191556,823348
2212,33,정채연,90090,79150,275517,376196,820953
2212,34,이종원,124968,110939,247443,297498,780847
2212,35,최원영,129356,117246,178224,340167,764993
2212,36,고두심,114350,107722,192631,303146,717849
2212,37,임주환,83333,77477,196762,291139,648712
2212,38,장규리,173488,152510,155326,132069,613391
2212,39,윤제문,132046,119176,201024,132178,584424
2212,40,권상우,101428,90991,145037,209776,547232
2212,41,강지섭,97889,94080,131045,204541,527555
2212,42,강기둥,157143,143887,106511,98118,505659
2212,43,최대훈,94183,84427,201853,115921,496384
2212,44,배누리,88353,81596,102516,200611,473076
2212,45,안보현,115058,103604,168473,82017,469152
2212,46,서현우,119485,107851,123653,95536,446525
2212,47,백성현,88301,82625,93260,180178,444364
2212,48,이진욱,86538,77864,112523,53079,330003
2212,49,이유비,83694,72844,97458,41832,295828
2212,50,송진우,79279,71042,46246,44416,240984
2301,1,송혜교,2271812,2042083,1840622,3887396,10041913
2301,2,송중기,2564861,1512352,1945979,1982317,8005509
2301,3,고윤정,1990217,1762418,1335537,2517628,7605799
2301,4,임지연,2421619,1444271,1360294,1842069,7068253
2301,5,이도현,1471556,1332045,949682,537197,4290480
2301,6,박성훈,1306949,1183010,723995,654826,3868780
2301,7,이성민,623809,536164,1073798,1162312,3396083
2301,8,정지소,1215572,1087644,648567,400739,3352521
2301,9,이재욱,1120076,1026511,544558,660098,3351243
2301,10,문가영,795623,713513,501388,775931,2786455
2301,11,유연석,400643,357400,345748,1413887,2517679
2301,12,김민재,840025,744143,518398,355801,2458367
2301,13,신현빈,441698,382239,697357,769172,2290466
2301,14,고수,250064,227027,722782,744512,1944385
2301,15,황민현,296654,274131,746745,626680,1944209
2301,16,박주현,387644,358816,289786,889386,1925632
2301,17,김현주,389575,353282,282429,890042,1915327
2301,18,전도연,276576,256885,220205,859345,1613011
2301,19,김소은,223166,206821,330381,851395,1611763
2301,20,김래원,329987,309395,374157,595216,1608755
2301,21,문채원,405276,370656,274055,516766,1566753
2301,22,정경호,286229,265122,224199,783860,1559410
2301,23,이보영,249035,230373,256346,820143,1555897
2301,24,이선균,242213,220334,215533,800558,1478638
2301,25,금새록,380051,339768,266335,471419,1457573
2301,26,하지원,257143,239382,422251,504229,1423004
2301,27,강하늘,189961,176319,414572,555087,1335939
2301,28,김승수,268108,256885,225146,557924,1308064
2301,29,공승연,278121,249935,285674,444651,1258381
2301,30,신승호,252509,228700,449494,317945,1248648
2301,31,서지혜,296267,272587,203904,407928,1180686
2301,32,김우석,217503,201673,181926,517577,1118678
2301,33,손나은,202316,185843,192872,489942,1070974
2301,34,김영대,152278,143114,189641,558565,1043599
2301,35,박희순,123552,114028,156043,643009,1036633
2301,36,염혜란,278378,249421,269505,189145,986449
2301,37,권상우,278378,255083,242326,185617,961404
2301,38,이하나,126062,117503,329078,379014,951656
2301,39,곽선영,315701,288417,179896,132967,916981
2301,40,박하나,158623,147490,292711,307631,906455
2301,41,정가람,128957,118661,141905,486251,875775
2301,42,허준호,144736,137066,317825,264565,864191
2301,43,윤제문,125354,110811,389454,228146,853764
2301,44,고두심,112136,106049,230210,350556,798952
2301,45,전혜진,226255,207979,150530,207995,792759
2301,46,손호준,140515,130373,227153,291268,789309
2301,47,정유민,268468,248005,156390,78526,751389
2301,48,강유석,190592,179408,151623,221838,743461
2301,49,정용화,120347,111583,125538,379250,736718
2301,50,홍수현,165289,155084,142991,253934,717297
2303,1,전도연,1810680,769883,893061,893878,4367501
2303,2,정경호,1359072,565121,637812,819360,3381365
2303,3,이제훈,692020,630501,524528,758415,2605464
2303,4,차은우,542728,491763,564031,788672,2387194
2303,5,이보영,293436,564865,609859,902056,2370216
2303,6,노윤서,981466,459330,435986,428338,2305120
2303,7,표예진,590862,523809,396488,649475,2160633
2303,8,조승우,357915,330630,584360,770905,2043810
2303,9,강소라,163578,141956,629071,788714,1723318
2303,10,서지혜,277992,251222,290249,772234,1591697
2303,11,김민석,537580,501930,251434,264498,1555443
2303,12,전소니,415186,372715,301048,432359,1521308
2303,13,김남길,305148,283655,475383,450708,1514894
2303,14,한혜진,314800,289961,238677,637353,1480791
2303,15,홍수현,247876,229472,262073,586992,1326414
2303,16,손나은,459459,208365,338840,287150,1293814
2303,17,김정현,315701,292793,277611,403755,1289859
2303,18,장승조,128880,118661,657780,347813,1253135
2303,19,이다희,259717,237065,365218,373032,1235032
2303,20,박형식,250193,233462,255095,448268,1187017
2303,21,김소은,142510,131789,378422,507890,1160610
2303,22,전혜진,355598,323294,295788,181070,1155751
2303,23,이재원,97529,86873,482615,425971,1092988
2303,24,김승수,174787,165637,235329,414847,990601
2303,25,오의식,224839,208751,297821,241216,972627
2303,26,한준우,220592,202574,241765,299107,964037
2303,27,한선화,74273,66667,594364,197500,932803
2303,28,차주영,332818,285328,142041,170495,930682
2303,29,이봉련,225225,209138,303052,190633,928047
2303,30,김민규,249678,227670,188453,201479,867280
2303,31,이하나,83037,76834,375217,290681,825769
2303,32,이상우,132780,123938,188387,354785,799890
2303,33,박하나,96602,88417,266764,319627,771409
2303,34,임수향,146975,130630,216884,273688,768178
2303,35,이장우,229472,215315,155580,126777,727144
2303,36,강지섭,70154,67053,221285,351612,710104
2303,37,곽선영,222265,207593,173024,105231,708113
2303,38,차태현,128082,115701,168460,251952,664195
2303,39,백성현,87812,82111,173712,307602,651237
2303,40,고보결,206692,182368,153923,106488,649471
2303,41,배누리,63758,58816,187280,336718,646572
2303,42,정유민,172458,155212,157308,160367,645345
2303,43,김의성,98069,91120,164304,252243,605736
2303,44,성준,130116,121235,215356,119836,586544
2303,45,정용화,67825,61776,141034,240250,510886
2303,46,방민아,102497,91248,72205,224161,490111
2303,47,한석규,105096,95624,242031,45769,488520
2303,48,윤찬영,83719,76190,64244,245095,469249
2303,49,정문성,68404,61776,92147,104184,326511
2303,50,정동환,91351,86744,78991,57102,314188
2304,1,임지연,767822,787642,713876,760671,3030012
2304,2,이도현,575544,596265,776761,794339,2742908
2304,3,이제훈,513513,757271,588803,652196,2511782
2304,4,조승우,480823,435135,670586,902350,2488894
2304,5,송혜교,715108,777605,266706,656082,2415501
2304,6,차주영,421233,756755,469426,471430,2118844
2304,7,신예은,551736,592791,455744,491000,2091272
2304,8,설인아,542342,476447,369526,506426,1894741
2304,9,신재하,299871,273488,310971,736562,1620892
2304,10,장동윤,379022,349034,300533,510201,1538790
2304,11,백진희,322136,300128,240088,549184,1411537
2304,12,박성훈,292277,276833,416515,397967,1383592
2304,13,염혜란,280180,244659,425909,352002,1302749
2304,14,한선화,65328,58559,887467,289269,1300623
2304,15,이지아,348906,318661,289552,273157,1230276
2304,16,전소니,231145,201287,263208,374548,1070188
2304,17,표예진,339897,299871,253016,142208,1034992
2304,18,우도환,177992,162419,152846,505442,998700
2304,19,박형식,150167,137580,264445,436855,989048
2304,20,김지연,142214,125096,154647,451072,873029
2304,21,이채영,79627,71171,227176,482813,860786
2304,22,추영우,185972,170141,187327,313903,857342
2304,23,김민석,260489,234491,142475,171155,808611
2304,24,려운,203603,187516,166499,237251,794869
2304,25,한석규,73604,65122,236026,394570,769322
2304,26,이장우,238352,221879,169251,109509,738991
2304,27,백성현,77658,71171,176534,368754,694117
2304,28,최윤영,124749,113900,183475,232612,654736
2304,29,김성균,83346,76834,170403,258258,588841
2304,30,오창석,93694,78121,157281,250958,580054
2304,31,안재현,118533,198327,131181,119907,567947
2304,32,김민규,128700,115573,159399,160880,564552
2304,33,신고은,128893,119176,135961,168961,552991
2304,34,방민아,134234,120592,109817,174877,539521
2304,35,한혜진,111325,182496,125544,103095,522461
2304,36,장희진,130824,118790,156039,110047,515700
2304,37,김승수,145251,136293,74197,146551,502292
2304,38,서준영,83784,76963,73555,256969,491271
2304,39,김의성,59781,53925,206083,152721,472510
2304,40,강훈,109897,100515,124425,129365,464201
2304,41,정건주,118507,108365,122580,114552,464005
2304,42,배누리,57503,51480,197887,133421,440291
2304,43,이상윤,82432,75032,138666,141469,437600
2304,44,정의제,99640,91892,95936,148106,435573
2304,45,정문성,101866,92535,164538,64558,423497
2304,46,윤찬영,86589,79150,91001,153042,409783
2304,47,강부자,87851,84427,79342,153702,405321
2304,48,강말금,91918,83784,107352,92441,375494
2304,49,고보결,75161,63835,119566,112237,370799
2304,50,이한위,81030,76062,50840,23878,231809
2305,1,이제훈,1184812,1079793,1016375,1951955,5232935
2305,2,엄정화,682625,629600,494263,1112855,2919343
2305,3,안효섭,372329,341827,1409471,428235,2551863
2305,4,한석규,210038,194337,1247293,753615,2405283
2305,5,표예진,621364,557400,570310,651924,2400997
2305,6,차주영,784427,723037,495426,320538,2323427
2305,7,우도환,673873,642342,419707,534715,2270637
2305,8,이도현,732689,638996,415426,410436,2197547
2305,9,유인나,595752,553925,361859,437506,1949042
2305,10,이성경,292020,260489,997356,389804,1939668
2305,11,장나라,402445,361261,397048,658778,1819531
2305,12,신재하,448648,415701,446132,482656,1793137
2305,13,민우혁,464221,439124,292668,357569,1553581
2305,14,신예은,456499,395881,335295,346020,1533695
2305,15,안재현,296010,279408,276263,636766,1488446
2305,16,백진희,295109,276319,293914,612525,1477867
2305,17,김병철,216087,199742,230919,758874,1405623
2305,18,이시우,454826,417760,242756,146471,1261813
2305,19,장동윤,259588,237452,291416,452049,1240505
2305,20,명세빈,245688,228571,219101,501212,1194572
2305,21,설인아,288674,253925,312930,328386,1183915
2305,22,김서형,296911,268983,229640,274483,1070017
2305,23,장혁,137709,122008,290953,476009,1026679
2305,24,이채영,88507,80952,268130,546406,983996
2305,25,김지연,190862,167567,242606,336486,937521
2305,26,김재원,224968,199099,174341,333381,931788
2305,27,최윤영,156525,143887,238780,391397,930589
2305,28,이주우,162677,142342,148647,320570,774236
2305,29,김민재,156499,168983,297245,130044,752770
2305,30,추영우,124685,114800,193496,318565,751547
2305,31,박형식,134221,122651,283255,198280,738408
2305,32,주원,145174,130116,144189,317888,737366
2305,33,이순재,178443,167181,194147,183681,723453
2305,34,려운,134788,123037,162335,290834,710993
2305,35,이지아,137066,123295,229843,213601,703804
2305,36,강훈,175109,162548,179267,179106,696031
2305,37,김남희,177735,161132,186342,141066,666275
2305,38,배유람,88996,81467,251056,218918,640437
2305,39,안은진,138610,122651,122158,247269,630688
2305,40,채정안,136473,124195,176324,173508,610501
2305,41,강부자,130141,125611,120372,226063,602187
2305,42,김의성,79138,72587,273918,162564,588206
2305,43,유선,122651,108365,105163,214345,550524
2305,44,정건주,135019,123166,150601,136097,544884
2305,45,전소니,85830,73230,216927,151562,527549
2305,46,진경,85096,76963,269139,79167,510365
2305,47,이상윤,71737,65380,163000,183584,483701
2305,48,윤현민,117567,109781,114689,132643,474681
2305,49,송지호,116872,107979,99408,74524,398784
2305,50,박기웅,75573,70142,137414,68160,351288
2306,1,엄정화,1019561,964220,911990,2426196,5321968
2306,2,이도현,709137,646460,617147,1702962,3675706
2306,3,안효섭,730630,672844,904094,802243,3109810
2306,4,김병철,379150,347104,472765,1860613,3059632
2306,5,한석규,475032,441570,1205115,770594,2892310
2306,6,민우혁,760874,713127,538645,845190,2857836
2306,7,김소연,566795,517760,437969,788236,2310760
2306,8,명세빈,401287,375804,425231,994032,2196354
2306,9,이동욱,546074,498584,466213,650871,2161742
2306,10,이성경,382883,352638,747542,541952,2025015
2306,11,안은진,341570,309137,315862,586512,1553081
2306,12,라미란,130219,121364,295812,968181,1515576
2306,13,김범,401415,374774,329659,292313,1398162
2306,14,백진희,220489,208751,317254,587788,1334283
2306,15,김동욱,392921,352895,296124,258124,1300064
2306,16,안재현,201441,190991,273899,610374,1276705
2306,17,이채영,144839,132175,325213,658474,1260701
2306,18,우도환,260103,235907,261347,412143,1169499
2306,19,차주영,207078,187773,286293,468521,1149665
2306,20,장나라,170013,149421,342358,454258,1116050
2306,21,유인나,196139,179923,265122,389824,1031008
2306,22,김재원,189704,165637,188245,389584,933170
2306,23,송지호,229987,211454,221926,256251,919618
2306,24,류경수,223423,206692,215140,246038,891293
2306,25,장혁,107374,96139,309788,364699,878000
2306,26,김지연,157786,135779,250271,330056,873891
2306,27,진기주,231403,209266,216941,192134,849744
2306,28,서지혜,279536,246332,176185,128308,830362
2306,29,신예은,171943,151094,234686,209176,766899
2306,30,김남희,159073,144788,203289,250928,758078
2306,31,김서형,140927,127542,215087,249731,733286
2306,32,김선아,110360,102445,140048,372324,725177
2306,33,유인수,157117,146718,171940,216725,692500
2306,34,최윤영,99266,90734,258953,232568,681520
2306,35,주원,84183,74002,147595,366612,672393
2306,36,이시우,195753,175418,151085,149113,671369
2306,37,오윤아,119279,107722,129599,311683,668282
2306,38,강부자,124749,120721,133576,235624,614669
2306,39,진경,81210,74131,372906,76415,604662
2306,40,유선,99845,88546,115308,295092,598792
2306,41,이주우,42574,35392,128745,351524,558235
2306,42,강훈,133423,124195,172950,124457,555026
2306,43,윤현민,119717,111969,146960,173022,551667
2306,44,채정안,88507,79022,177209,191632,536370
2306,45,이순재,94427,87387,166641,162017,510472
2306,46,이정진,61815,57143,79567,303056,501581
2306,47,송하윤,146589,130888,87304,118397,483177
2306,48,이원정,126062,115830,107849,80611,430352
2306,49,최화정,116062,103990,159521,42884,422457
2306,50,정우연,133603,123552,93420,71287,421863
